City_ID,City,Country,Date,Lat,Lng,Max Temp,Humidity,Cloudiness,Wind Speed
0,Isangel,VU,2021-07-30 21:36:14,-19.55,169.2667,75.31,60,75,18.41
1,Dibrugarh,IN,2021-07-30 21:36:15,27.4833,94.9,76.26,92,98,0.94
2,Imbituba,BR,2021-07-30 21:36:15,-28.24,-48.6703,53.49,78,0,2.28
3,Fairbanks,US,2021-07-30 21:36:37,64.8378,-147.7164,68.34,65,90,4.61
4,Esperance,AU,2021-07-30 21:36:37,-33.8667,121.9,40.84,85,68,11.59
5,Chuy,UY,2021-07-30 21:36:37,-33.6971,-53.4616,46.0,73,0,5.99
6,Bogovarovo,RU,2021-07-30 21:36:38,58.9785,47.0246,63.21,77,96,4.47
7,Shelburne,CA,2021-07-30 21:36:38,44.0787,-80.2041,64.67,44,0,13.09
8,Kabinda,CD,2021-07-30 21:36:39,-6.1333,24.4833,70.5,35,50,4.52
9,Khash,IR,2021-07-30 21:36:39,28.2211,61.2158,78.28,25,1,4.79
10,Byron Bay,AU,2021-07-30 21:36:39,-28.65,153.6167,57.15,68,0,7.49
11,Chokurdakh,RU,2021-07-30 21:36:40,70.6333,147.9167,57.04,49,100,12.55
12,Caluquembe,AO,2021-07-30 21:36:40,-13.7833,14.6833,56.57,25,2,2.17
13,Chapleau,CA,2021-07-30 21:36:41,47.8405,-83.4034,64.49,42,75,9.22
14,Richards Bay,ZA,2021-07-30 21:36:41,-28.783,32.0377,59.67,87,0,5.91
15,Dikson,RU,2021-07-30 21:36:41,73.5069,80.5464,41.97,98,100,9.15
16,Khatanga,RU,2021-07-30 21:36:42,71.9667,102.5,73.6,47,25,9.86
17,Kathu,TH,2021-07-30 21:36:42,7.9178,98.3332,82.69,96,97,16.33
18,Salalah,OM,2021-07-30 21:36:42,17.0151,54.0924,77.09,94,90,10.36
19,Yellowknife,CA,2021-07-30 21:36:43,62.456,-114.3525,77.52,44,75,10.36
20,Sur,OM,2021-07-30 21:36:43,22.5667,59.5289,90.66,55,98,17.4
21,Airai,TL,2021-07-30 21:36:44,-8.9266,125.4092,56.64,72,57,2.55
22,Tual,ID,2021-07-30 21:36:44,-5.6667,132.75,80.8,81,95,15.88
23,Perth,AU,2021-07-30 21:36:44,-31.9333,115.8333,55.06,88,40,4.61
24,Kibre Mengist,ET,2021-07-30 21:36:45,5.8833,38.9833,58.32,87,100,2.51
25,Puerto Ayora,EC,2021-07-30 21:36:00,-0.7393,-90.3518,75.16,92,73,7.0
26,Thompson,CA,2021-07-30 21:36:45,55.7435,-97.8558,75.36,35,20,17.27
27,Ilulissat,GL,2021-07-30 21:36:46,69.2167,-51.1,59.02,41,66,5.75
28,Samarai,PG,2021-07-30 21:36:46,-10.6167,150.6667,79.77,76,95,19.15
29,Ushuaia,AR,2021-07-30 21:36:47,-54.8,-68.3,35.26,80,75,18.41
30,Mataura,NZ,2021-07-30 21:36:47,-46.1927,168.8643,48.47,99,100,1.74
31,Gravelbourg,CA,2021-07-30 21:36:47,49.8834,-106.5512,88.07,20,0,11.41
32,Punta Arenas,CL,2021-07-30 21:32:22,-53.15,-70.9167,37.51,75,20,14.97
33,Itarema,BR,2021-07-30 21:36:48,-2.9248,-39.9167,79.36,81,54,13.8
34,Man,CI,2021-07-30 21:36:48,7.4125,-7.5538,70.97,91,4,2.15
35,Rikitea,PF,2021-07-30 21:35:09,-23.1203,-134.9692,72.55,72,80,9.69
36,Leningradskiy,RU,2021-07-30 21:36:49,69.3833,178.4167,33.39,98,100,19.84
37,Port Elizabeth,ZA,2021-07-30 21:32:54,-33.918,25.5701,50.29,93,40,5.75
38,Bluff,NZ,2021-07-30 21:36:49,-46.6,168.3333,48.79,91,100,10.0
39,Laguna,US,2021-07-30 21:36:50,38.421,-121.4238,105.6,28,1,4.0
40,Ancud,CL,2021-07-30 21:36:41,-41.8697,-73.8203,49.53,74,3,8.43
41,Upernavik,GL,2021-07-30 21:36:50,72.7868,-56.1549,41.05,85,76,14.23
42,Cidreira,BR,2021-07-30 21:36:51,-30.1811,-50.2056,50.29,74,0,5.66
43,Chilca,PE,2021-07-30 21:36:51,-12.5211,-76.7372,66.61,84,87,10.83
44,Tuktoyaktuk,CA,2021-07-30 21:35:32,69.4541,-133.0374,64.4,72,75,17.27
45,Udachnyy,RU,2021-07-30 21:36:52,66.4167,112.4,67.26,42,0,4.59
46,Geeste,DE,2021-07-30 21:36:52,52.6,7.2667,61.32,94,4,3.44
47,Goderich,CA,2021-07-30 21:36:53,43.7501,-81.7165,66.04,59,0,12.66
48,Murmashi,RU,2021-07-30 21:36:53,68.8154,32.8115,50.41,71,0,4.47
49,Baishishan,CN,2021-07-30 21:36:53,43.5833,127.5667,72.36,97,78,4.27
50,Albany,US,2021-07-30 21:36:54,42.6001,-73.9662,74.57,55,24,1.99
51,Bathsheba,BB,2021-07-30 21:36:54,13.2167,-59.5167,84.81,74,40,18.41
52,Alta Floresta,BR,2021-07-30 21:36:55,-9.8756,-56.0861,87.62,25,0,4.61
53,Sao Filipe,CV,2021-07-30 21:36:55,14.8961,-24.4956,75.88,84,54,7.23
54,Aranos,NA,2021-07-30 21:36:55,-24.1333,19.1167,51.69,26,0,10.31
55,Touros,BR,2021-07-30 21:32:20,-5.1989,-35.4608,79.7,79,51,16.55
56,Roros,NO,2021-07-30 21:36:56,62.5747,11.3842,44.44,87,90,2.3
57,Arraial Do Cabo,BR,2021-07-30 21:33:16,-22.9661,-42.0278,67.96,59,0,14.97
58,Cabo San Lucas,MX,2021-07-30 21:35:28,22.8909,-109.9124,98.51,65,1,3.0
59,Macenta,GN,2021-07-30 21:36:57,8.5435,-9.471,69.4,97,100,2.73
60,Provideniya,RU,2021-07-30 21:36:57,64.3833,-173.3,47.37,93,100,6.15
61,Atuona,PF,2021-07-30 21:36:58,-9.8,-139.0333,77.22,76,37,16.93
62,Port Hardy,CA,2021-07-30 21:32:08,50.6996,-127.4199,62.78,82,20,6.91
63,Hasaki,JP,2021-07-30 21:36:55,35.7333,140.8333,75.29,79,1,11.27
64,Kapaa,US,2021-07-30 21:36:58,22.0752,-159.319,86.32,68,90,3.0
65,Marsh Harbour,BS,2021-07-30 21:36:59,26.5412,-77.0636,84.87,67,15,10.78
66,Elizabeth City,US,2021-07-30 21:36:59,36.2946,-76.2511,93.4,70,75,10.36
67,Cape Town,ZA,2021-07-30 21:36:59,-33.9258,18.4232,55.27,94,0,2.3
68,Vaini,TO,2021-07-30 21:37:00,-21.2,-175.2,73.56,94,90,8.05
69,Sangar,RU,2021-07-30 21:37:00,63.9242,127.4739,61.16,49,31,3.58
70,Cherskiy,RU,2021-07-30 21:36:43,68.75,161.3,34.97,89,100,6.08
71,Kampong Thum,KH,2021-07-30 21:37:01,12.7111,104.8887,76.39,86,100,3.22
72,Bandar,ID,2021-07-30 21:37:01,2.05,99.75,72.73,89,99,2.44
73,Nancha,CN,2021-07-30 21:37:01,47.1333,129.2667,69.66,100,100,2.86
74,Coihaique,CL,2021-07-30 21:37:02,-45.5752,-72.0662,39.81,70,20,0.0
75,New Norfolk,AU,2021-07-30 21:37:02,-42.7826,147.0587,53.1,65,82,1.01
76,Butaritari,KI,2021-07-30 21:37:03,3.0707,172.7902,81.77,74,94,6.06
77,Tatawin,TN,2021-07-30 21:37:03,32.9297,10.4518,94.08,21,0,3.67
78,Hermanus,ZA,2021-07-30 21:35:38,-34.4187,19.2345,53.91,85,0,2.95
79,Severo-Kurilsk,RU,2021-07-30 21:36:45,50.6789,156.125,56.66,94,99,9.91
80,Katangli,RU,2021-07-30 21:37:04,51.7102,143.2326,53.35,93,100,11.25
81,Tiarei,PF,2021-07-30 21:37:04,-17.5333,-149.3333,82.42,72,50,18.99
82,Puri,IN,2021-07-30 21:37:04,19.8,85.85,82.38,76,100,11.65
83,Los Llanos De Aridane,ES,2021-07-30 21:37:05,28.6585,-17.9182,67.75,93,0,18.41
84,Mumbwa,ZM,2021-07-30 21:37:05,-14.9783,27.0619,55.0,53,12,4.97
85,Mar Del Plata,AR,2021-07-30 21:34:05,-38.0023,-57.5575,56.12,49,0,12.66
86,Qaanaaq,GL,2021-07-30 21:37:06,77.484,-69.3632,42.22,89,99,2.82
87,Escanaba,US,2021-07-30 21:34:11,45.7453,-87.0646,75.67,64,40,14.97
88,Saint George,US,2021-07-30 21:35:37,37.1041,-113.5841,95.63,33,1,1.99
89,Panzhihua,CN,2021-07-30 21:37:06,26.5851,101.7128,69.73,98,100,5.28
90,Muros,ES,2021-07-30 21:37:07,42.7762,-9.0603,65.23,74,50,9.6
91,Shitanjing,CN,2021-07-30 21:37:07,39.2342,106.3439,73.92,33,18,4.14
92,Oranjemund,NA,2021-07-30 21:37:08,-28.55,16.4333,64.22,39,0,3.27
93,East London,ZA,2021-07-30 21:35:19,-33.0153,27.9116,58.8,68,8,5.3
94,Alice Springs,AU,2021-07-30 21:37:08,-23.7,133.8833,60.35,33,0,8.05
95,Swan Hill,AU,2021-07-30 21:37:09,-35.3378,143.5544,50.0,61,41,7.0
96,Vestmanna,FO,2021-07-30 21:37:09,62.1564,-7.1664,45.52,93,75,14.97
97,Ponta Do Sol,PT,2021-07-30 21:37:09,32.6667,-17.1,74.01,78,12,5.64
98,Kralendijk,BQ,2021-07-30 21:37:10,12.15,-68.2667,85.98,66,20,19.57
99,San Patricio,US,2021-07-30 21:37:10,28.017,-97.5169,96.78,48,81,10.94
100,Kenora,CA,2021-07-30 21:37:11,49.8167,-94.4337,79.77,44,75,12.66
101,Avrig,RO,2021-07-30 21:37:11,45.7167,24.3833,70.45,71,5,2.35
102,Edd,ER,2021-07-30 21:37:12,13.9297,41.6925,89.89,61,99,6.73
103,Bonavista,CA,2021-07-30 21:37:12,48.6499,-53.1147,64.4,67,100,12.08
104,Caravelas,BR,2021-07-30 21:37:12,-17.7125,-39.2481,67.55,77,100,11.27
105,Tigil,RU,2021-07-30 21:37:13,57.8,158.6667,53.65,61,88,9.31
106,Barrow,US,2021-07-30 21:35:04,71.2906,-156.7887,51.82,87,90,9.22
107,Abha,SA,2021-07-30 21:37:13,18.2164,42.5053,71.42,49,40,9.22
108,San Cristobal,VE,2021-07-30 21:37:14,7.7669,-72.225,84.38,85,50,5.55
109,Nizhniy Baskunchak,RU,2021-07-30 21:37:14,48.2198,46.8311,80.49,25,65,12.77
110,Hobart,AU,2021-07-30 21:37:14,-42.8794,147.3294,53.46,69,75,1.01
111,Kloulklubed,PW,2021-07-30 21:36:07,7.0419,134.2556,83.98,73,100,5.12
112,Pevek,RU,2021-07-30 21:35:24,69.7008,170.3133,32.85,90,100,13.71
113,Pangody,RU,2021-07-30 21:37:15,65.85,74.4859,49.24,76,100,12.15
114,Bonthe,SL,2021-07-30 21:37:16,7.5264,-12.505,76.44,87,99,7.72
115,Vao,NC,2021-07-30 21:35:55,-22.6667,167.4833,67.6,56,1,25.01
116,Kindia,GN,2021-07-30 21:37:16,10.0569,-12.8658,70.0,99,100,0.87
117,Dingle,PH,2021-07-30 21:37:16,10.9995,122.6711,78.08,90,100,7.2
118,Longhua,CN,2021-07-30 21:37:17,23.6137,114.1919,77.47,97,52,1.01
119,Khangah Dogran,PK,2021-07-30 21:37:17,31.8317,73.6231,85.95,71,1,5.12
120,Nikolskoye,RU,2021-07-30 21:37:18,59.7035,30.7861,63.01,66,21,8.03
121,Bredasdorp,ZA,2021-07-30 21:34:16,-34.5322,20.0403,47.52,93,3,2.3
122,Jamestown,US,2021-07-30 21:34:58,42.097,-79.2353,70.92,63,2,5.99
123,Mayo,US,2021-07-30 21:37:18,38.8876,-76.5119,91.38,43,1,11.01
124,Mama,RU,2021-07-30 21:37:19,58.3106,112.8986,59.22,63,2,4.9
125,Carnarvon,AU,2021-07-30 21:37:19,-24.8667,113.6333,60.87,60,75,19.57
126,Raga,SS,2021-07-30 21:37:20,8.4596,25.678,69.13,96,100,1.79
127,Namatanai,PG,2021-07-30 21:37:20,-3.6667,152.4333,81.03,79,94,4.25
128,Castro,BR,2021-07-30 21:37:21,-24.7911,-50.0119,40.95,64,97,4.63
129,Tazovskiy,RU,2021-07-30 21:37:21,67.4667,78.7,47.12,83,8,8.68
130,Ladario,BR,2021-07-30 21:37:21,-19.0047,-57.6017,73.69,17,0,10.36
131,Juneau,US,2021-07-30 21:34:27,58.3019,-134.4197,77.85,66,75,10.36
132,Frunze,UA,2021-07-30 21:37:22,48.6686,38.7544,68.13,80,95,4.12
133,Yaan,NG,2021-07-30 21:37:22,7.3833,8.5667,72.61,94,99,4.16
134,Hilo,US,2021-07-30 21:37:23,19.7297,-155.09,83.93,64,40,11.5
135,Port Lincoln,AU,2021-07-30 21:37:23,-34.7333,135.8667,55.38,93,82,6.17
136,Lebu,CL,2021-07-30 21:36:34,-37.6167,-73.65,50.58,93,100,11.01
137,Padang,ID,2021-07-30 21:35:00,-0.9492,100.3543,76.32,84,79,3.49
138,Adrar,MR,2021-07-30 21:37:24,20.5022,-10.0711,98.06,20,76,7.74
139,Alofi,NU,2021-07-30 21:37:24,-19.0595,-169.9187,78.69,89,91,8.05
140,Yar-Sale,RU,2021-07-30 21:37:25,66.8333,70.8333,47.28,95,100,16.04
141,Orcopampa,PE,2021-07-30 21:37:25,-15.2661,-72.3417,52.32,39,18,8.63
142,Tasiilaq,GL,2021-07-30 21:37:25,65.6145,-37.6368,50.16,79,20,1.03
143,Barabai,ID,2021-07-30 21:37:26,-2.5833,115.3833,72.99,97,96,2.19
144,Tamiahua,MX,2021-07-30 21:37:26,21.2667,-97.45,86.79,62,100,10.36
145,Hienghene,NC,2021-07-30 21:37:26,-20.6833,164.9333,67.53,52,0,7.7
146,Acapulco,MX,2021-07-30 21:32:35,16.8634,-99.8901,87.62,66,75,4.61
147,Cam Ranh,VN,2021-07-30 21:37:27,11.9214,109.1591,82.36,78,20,2.3
148,La Palma,US,2021-07-30 21:37:27,33.8464,-118.0467,106.93,52,20,5.99
149,Paamiut,GL,2021-07-30 21:37:28,61.994,-49.6678,46.44,83,100,7.27
150,Avarua,CK,2021-07-30 21:37:28,-21.2078,-159.775,75.25,73,20,12.66
151,Georgetown,MY,2021-07-30 21:37:29,5.4112,100.3354,77.9,93,20,1.99
152,Ugoofaaru,MV,2021-07-30 21:36:14,5.6667,73.0,82.2,75,86,9.73
153,Krasnoselkup,RU,2021-07-30 21:37:29,65.7,82.4667,53.28,65,72,5.97
154,College,US,2021-07-30 21:37:29,64.8569,-147.8028,68.67,66,90,3.44
155,Bima,ID,2021-07-30 21:37:30,-8.4667,118.7167,72.63,95,47,5.26
156,Manggar,ID,2021-07-30 21:37:30,-2.8833,108.2667,80.17,78,22,8.95
157,Urengoy,RU,2021-07-30 21:34:20,65.9667,78.3667,48.38,91,34,8.14
158,Lavrentiya,RU,2021-07-30 21:37:31,65.5833,-171.0,45.61,89,99,7.96
159,Olafsvik,IS,2021-07-30 21:37:31,64.8945,-23.7142,56.57,85,100,1.95
160,Longyearbyen,SJ,2021-07-30 21:37:32,78.2186,15.6401,39.04,70,75,12.66
161,Grand-Lahou,CI,2021-07-30 21:37:32,5.1367,-5.0242,75.63,90,47,7.81
162,Gornopravdinsk,RU,2021-07-30 21:37:32,60.05,69.9,54.14,99,100,3.51
163,Yarmouth,US,2021-07-30 21:33:51,41.7057,-70.2286,80.94,67,40,10.0
164,Bambous Virieux,MU,2021-07-30 21:37:33,-20.3428,57.7575,70.05,64,40,12.66
165,Old Saybrook,US,2021-07-30 21:37:33,41.2918,-72.3762,82.45,49,1,1.01
166,Marawi,PH,2021-07-30 21:37:34,7.9986,124.2928,67.64,84,80,3.89
167,Thunder Bay,CA,2021-07-30 21:34:09,48.4001,-89.3168,72.99,58,90,11.5
168,Kampene,CD,2021-07-30 21:37:34,-3.6,26.6667,72.05,44,8,2.19
169,Okha,RU,2021-07-30 21:37:35,53.5739,142.9478,52.97,78,100,11.79
170,Sao Felix Do Xingu,BR,2021-07-30 21:37:35,-6.6447,-51.995,80.42,38,98,3.13
171,Honiara,SB,2021-07-30 21:37:36,-9.4333,159.95,82.06,78,81,1.79
172,Babina,IN,2021-07-30 21:37:36,25.25,78.4667,77.18,92,100,9.15
173,Norman Wells,CA,2021-07-30 21:37:36,65.282,-126.8329,80.64,39,20,9.22
174,Katsuura,JP,2021-07-30 21:37:37,35.1333,140.3,80.11,82,10,9.71
175,Mae Ramat,TH,2021-07-30 21:37:37,16.984,98.5166,73.9,99,100,2.3
176,Parthenay,FR,2021-07-30 21:37:37,46.6667,-0.4167,59.92,91,39,7.0
177,Cap Malheureux,MU,2021-07-30 21:37:38,-19.9842,57.6142,70.29,70,68,4.0
178,Faanui,PF,2021-07-30 21:37:38,-16.4833,-151.75,77.79,72,83,17.56
179,Nanortalik,GL,2021-07-30 21:37:39,60.1432,-45.2371,45.1,83,100,11.5
180,Itoman,JP,2021-07-30 21:37:39,26.1247,127.6694,82.42,89,20,4.61
181,Cootamundra,AU,2021-07-30 21:37:39,-34.65,148.0333,49.95,74,96,4.97
182,Port Alfred,ZA,2021-07-30 21:37:40,-33.5906,26.891,57.9,74,29,5.86
183,Kupang,ID,2021-07-30 21:37:40,-10.1667,123.5833,70.38,94,20,2.3
184,Souillac,MU,2021-07-30 21:37:41,-20.5167,57.5167,70.18,64,40,12.66
185,Xiuyan,CN,2021-07-30 21:37:41,40.2928,123.2744,73.26,97,100,5.93
186,Saint-Augustin,CA,2021-07-30 21:37:42,51.226,-58.6502,60.66,70,100,16.75
187,Haines Junction,CA,2021-07-30 21:37:42,60.7522,-137.5108,69.75,40,0,6.91
188,Kruisfontein,ZA,2021-07-30 21:37:42,-34.0033,24.7314,51.48,76,7,7.09
189,Saint-Georges,GD,2021-07-30 21:36:30,12.0564,-61.7485,83.88,79,20,18.41
190,Saldanha,ZA,2021-07-30 21:37:43,-33.0117,17.9442,51.85,84,3,7.07
191,Karratha,AU,2021-07-30 21:37:43,-20.7377,116.8463,65.75,77,61,9.8
192,Floro,NO,2021-07-30 21:37:44,61.5996,5.0328,57.16,67,11,18.41
193,Busselton,AU,2021-07-30 21:37:44,-33.65,115.3333,42.08,76,97,12.82
194,Mahebourg,MU,2021-07-30 21:35:45,-20.4081,57.7,70.09,64,40,12.66
195,Dolores,AR,2021-07-30 21:37:44,-36.3132,-57.6792,45.86,59,0,8.46
196,Kodiak,US,2021-07-30 21:37:45,57.79,-152.4072,54.93,80,100,4.83
197,Hauterive,FR,2021-07-30 21:37:45,46.0901,3.4459,68.76,86,59,3.18
198,Bereda,ES,2021-07-30 21:37:46,43.2686,-7.5406,59.41,93,100,2.98
199,Nantucket,US,2021-07-30 21:37:32,41.2835,-70.0995,80.94,65,1,11.5
200,Wagga Wagga,AU,2021-07-30 21:37:46,-35.1167,147.3667,52.21,62,90,10.36
201,Santa Maria,BR,2021-07-30 21:37:47,-29.6842,-53.8069,51.1,66,0,5.75
202,Tashtagol,RU,2021-07-30 21:37:47,52.7657,87.8894,54.01,93,57,1.16
203,Chardara,KZ,2021-07-30 21:37:48,41.2547,67.9692,74.46,36,0,12.19
204,Shemonaikha,KZ,2021-07-30 21:37:48,50.6328,81.9056,52.38,54,0,6.02
205,Tiksi,RU,2021-07-30 21:35:33,71.6872,128.8694,47.97,74,40,7.54
206,Madang,PG,2021-07-30 21:37:49,-5.2246,145.7966,75.78,90,84,4.27
207,Salihorsk,BY,2021-07-30 21:37:49,52.7876,27.5415,62.6,75,87,5.75
208,Ahipara,NZ,2021-07-30 21:37:49,-35.1667,173.1667,58.15,89,100,16.58
209,Duluth,US,2021-07-30 21:37:16,46.7833,-92.1066,82.56,42,1,1.01
210,Yulara,AU,2021-07-30 21:37:50,-25.2406,130.9889,49.84,66,1,3.44
211,Bardiyah,LY,2021-07-30 21:37:50,31.7561,25.0865,79.88,78,0,14.05
212,Minot,US,2021-07-30 21:37:51,48.2325,-101.2963,91.62,25,1,8.05
213,Margate,GB,2021-07-30 21:35:33,51.3813,1.3862,61.7,76,60,4.0
214,Tuensang,IN,2021-07-30 21:37:51,26.2833,94.8333,70.39,98,100,2.08
215,Ust-Ishim,RU,2021-07-30 21:37:52,57.6935,71.1665,56.71,99,100,7.87
216,Ballina,AU,2021-07-30 21:37:52,-28.8667,153.5667,42.76,100,1,0.0
217,Okhotsk,RU,2021-07-30 21:37:53,59.3833,143.3,58.68,56,89,3.09
218,Maniitsoq,GL,2021-07-30 21:37:53,65.4167,-52.9,49.95,77,79,1.32
219,Bethel,US,2021-07-30 21:37:49,41.3712,-73.414,80.91,54,20,1.99
220,Morondava,MG,2021-07-30 21:37:54,-20.2833,44.2833,70.5,66,18,9.26
221,Saskylakh,RU,2021-07-30 21:37:54,71.9167,114.0833,74.14,45,11,6.62
222,Lazaro Cardenas,MX,2021-07-30 21:33:15,17.9583,-102.2,85.55,69,74,7.58
223,Hobyo,SO,2021-07-30 21:37:55,5.3505,48.5268,76.39,80,100,24.23
224,Saint-Philippe,RE,2021-07-30 21:37:55,-21.3585,55.7679,67.59,76,75,16.06
225,Mount Isa,AU,2021-07-30 21:37:55,-20.7333,139.5,51.57,58,5,1.14
226,Saint-Louis,SN,2021-07-30 21:37:56,16.3333,-15.0,89.24,53,99,18.32
227,Hithadhoo,MV,2021-07-30 21:37:56,-0.6,73.0833,81.21,75,93,5.99
228,Batagay-Alyta,RU,2021-07-30 21:37:57,67.8006,130.4114,68.02,30,33,1.72
229,Talnakh,RU,2021-07-30 21:37:57,69.4865,88.3972,58.19,90,100,6.33
230,Puyang,CN,2021-07-30 21:37:57,29.4603,119.8861,76.23,96,89,1.77
231,Kawalu,ID,2021-07-30 21:37:58,-7.3817,108.2082,71.73,97,96,1.83
232,Fougamou,GA,2021-07-30 21:37:58,-1.2154,10.5838,73.29,76,42,3.44
233,Mattru,SL,2021-07-30 21:37:59,7.6244,-11.8332,73.27,97,95,2.8
234,Poum,NC,2021-07-30 21:37:59,-20.2333,164.0167,70.54,57,0,24.34
235,Zheshart,RU,2021-07-30 21:38:00,62.0731,49.5733,55.8,97,88,5.03
236,Polson,US,2021-07-30 21:38:00,47.6936,-114.1632,99.1,21,28,4.92
237,Broome,US,2021-07-30 21:38:01,42.2506,-75.833,70.18,60,20,5.01
238,Rassvet,RU,2021-07-30 21:38:01,46.8333,40.75,73.63,67,45,3.44
239,Baruun-Urt,MN,2021-07-30 21:38:01,46.6806,113.2792,60.04,88,100,11.68
240,Camana,PE,2021-07-30 21:38:02,-16.6228,-72.7111,61.03,81,80,4.65
241,Killeen,US,2021-07-30 21:38:02,31.1171,-97.7278,97.16,49,20,6.91
242,Bam,IR,2021-07-30 21:38:02,29.106,58.357,86.14,20,12,11.39
243,Tabuk,PH,2021-07-30 21:38:03,17.4189,121.4443,76.82,84,100,1.63
244,Bengkulu,ID,2021-07-30 21:37:56,-3.8004,102.2655,74.41,92,24,4.97
245,Kendari,ID,2021-07-30 21:38:03,-3.945,122.4989,73.22,95,99,3.02
246,Davila,PH,2021-07-30 21:38:04,18.4726,120.5763,80.58,86,100,24.79
247,Bulgan,MN,2021-07-30 21:38:04,48.8125,103.5347,51.48,90,12,3.11
248,Lompoc,US,2021-07-30 21:38:05,34.6391,-120.4579,94.01,68,75,17.27
249,Ibanda,TZ,2021-07-30 21:38:05,-2.7974,32.4746,72.84,49,56,4.68
250,Yumen,CN,2021-07-30 21:38:05,40.2833,97.2,76.69,19,0,17.34
251,Ojinaga,MX,2021-07-30 21:38:06,29.5667,-104.4167,99.57,26,1,0.0
252,Conakry,GN,2021-07-30 21:38:06,9.538,-13.6773,77.07,94,75,4.61
253,Flinders,AU,2021-07-30 21:38:06,-34.5833,150.8552,52.38,58,51,1.01
254,North Platte,US,2021-07-30 21:36:09,41.1239,-100.7654,97.0,52,1,12.66
255,Eyl,SO,2021-07-30 21:38:07,7.9803,49.8164,76.15,70,85,22.01
256,Homer,US,2021-07-30 21:38:07,59.6425,-151.5483,57.78,76,90,4.61
257,Sambava,MG,2021-07-30 21:38:08,-14.2667,50.1667,66.76,89,47,11.12
258,Hami,CN,2021-07-30 21:38:08,42.8,93.45,82.44,22,10,19.62
259,Qeshm,IR,2021-07-30 21:38:08,26.9581,56.2719,93.07,80,3,6.17
260,Mikuni,JP,2021-07-30 21:38:09,36.2171,136.1519,75.11,79,3,2.55
261,Grindavik,IS,2021-07-30 21:38:09,63.8424,-22.4338,61.27,72,0,5.75
262,Angoche,MZ,2021-07-30 21:38:10,-16.2325,39.9086,72.68,78,58,9.95
263,Kumluca,TR,2021-07-30 21:38:10,36.3703,30.2869,87.57,32,0,8.32
264,Palasa,IN,2021-07-30 21:38:11,18.7667,84.4167,80.65,76,100,4.52
265,Bavly,RU,2021-07-30 21:38:11,54.393,53.2602,64.58,77,77,5.59
266,Nome,US,2021-07-30 21:33:15,64.5011,-165.4064,50.16,100,90,3.44
267,Isla Vista,US,2021-07-30 21:36:33,34.4133,-119.861,106.34,56,40,12.66
268,Zharkent,KZ,2021-07-30 21:38:12,44.1628,80.0,60.8,77,68,4.34
269,San Jose,US,2021-07-30 21:34:27,37.3394,-121.895,100.11,46,20,10.36
270,Yatou,CN,2021-07-30 21:38:12,37.15,122.3833,77.38,87,6,8.93
271,Rognan,NO,2021-07-30 21:38:13,67.0953,15.3878,55.76,88,100,3.62
272,Kokubu,JP,2021-07-30 21:38:13,31.7333,130.7667,78.85,94,75,5.75
273,Beringovskiy,RU,2021-07-30 21:38:13,63.05,179.3167,42.66,74,97,17.63
274,Pangnirtung,CA,2021-07-30 21:38:14,66.1451,-65.7125,50.0,87,75,4.61
275,Debre Tabor,ET,2021-07-30 21:38:14,11.85,38.0167,52.36,98,100,4.14
276,Pisco,PE,2021-07-30 21:34:50,-13.7,-76.2167,64.45,72,20,16.11
277,Esil,KZ,2021-07-30 21:38:15,51.9556,66.4042,72.9,28,99,18.66
278,Tilichiki,RU,2021-07-30 21:38:15,60.4667,166.1,52.32,49,3,17.87
279,Enshi,CN,2021-07-30 21:38:15,30.3,109.4833,70.81,91,6,1.61
280,Dumfries,US,2021-07-30 21:34:27,38.5676,-77.328,91.89,46,1,8.05
281,Veere,NL,2021-07-30 21:38:16,51.5483,3.6667,63.39,89,75,8.01
282,Dauphin,CA,2021-07-30 21:38:16,51.1494,-100.0502,82.54,47,1,4.61
283,Shirokiy,RU,2021-07-30 21:38:17,49.758,129.523,67.69,98,100,10.85
284,Hamilton,US,2021-07-30 21:36:27,39.1834,-84.5333,85.08,50,20,1.99
285,Kieta,PG,2021-07-30 21:38:17,-6.2167,155.6333,81.82,80,41,5.3
286,Guangyuan,CN,2021-07-30 21:38:18,32.442,105.823,74.52,96,4,2.26
287,Poli,TZ,2021-07-30 21:38:18,-3.3333,36.8,48.47,74,38,4.29
288,Inirida,CO,2021-07-30 21:38:19,3.8653,-67.9239,77.4,87,47,2.71
289,Vestmannaeyjar,IS,2021-07-30 21:38:19,63.4427,-20.2734,56.39,94,75,8.05
290,Baturinskaya,RU,2021-07-30 21:38:19,45.7927,39.3707,73.98,54,6,5.23
291,Vila Velha,BR,2021-07-30 21:35:54,-20.3297,-40.2925,67.95,56,75,12.66
292,Iznoski,RU,2021-07-30 21:38:20,54.9881,35.3108,58.26,91,33,5.35
293,Andenes,NO,2021-07-30 21:38:20,69.3143,16.1194,50.07,87,90,25.32
294,Road Town,VG,2021-07-30 21:38:21,18.4167,-64.6167,84.24,79,40,12.66
295,Faya,SA,2021-07-30 21:38:21,18.3851,42.4509,71.71,53,92,4.0
296,Shahr-E Kord,IR,2021-07-30 21:38:21,32.3256,50.8644,71.37,26,20,2.3
297,Kutum,SD,2021-07-30 21:36:33,14.2,24.6667,74.59,68,92,12.03
298,Rajampet,IN,2021-07-30 21:38:22,14.1833,79.1667,81.27,60,100,12.66
299,Chumikan,RU,2021-07-30 21:38:22,54.7183,135.315,48.9,93,100,20.09
300,Liangxiang,CN,2021-07-30 21:38:23,39.7319,116.14,72.79,90,0,2.68
301,Betafo,MG,2021-07-30 21:38:23,-19.8333,46.85,50.05,92,28,5.57
302,San Pedro De Ycuamandiyu,PY,2021-07-30 21:38:23,-24.0917,-57.0764,53.37,40,100,4.05
303,Susangerd,IR,2021-07-30 21:38:24,31.5608,48.1831,98.62,11,0,8.32
304,Buala,SB,2021-07-30 21:38:24,-8.145,159.5921,82.51,75,79,4.43
305,Port Hedland,AU,2021-07-30 21:38:25,-20.3167,118.5667,62.65,94,3,8.05
306,Bayana,IN,2021-07-30 21:38:25,26.9,77.2833,79.9,87,100,4.65
307,Tomatlan,MX,2021-07-30 21:38:26,19.9333,-105.25,88.32,63,86,7.9
308,Sinnamary,GF,2021-07-30 21:38:26,5.3833,-52.95,79.32,82,13,6.06
309,Asau,RO,2021-07-30 21:38:26,46.4333,26.4,70.39,78,1,3.78
310,Filadelfia,US,2021-07-30 21:35:13,39.9523,-75.1638,86.22,41,40,4.0
311,Zhangye,CN,2021-07-30 21:38:27,38.9342,100.4517,75.04,32,0,6.55
312,Maniwaki,CA,2021-07-30 21:38:27,46.3834,-75.966,63.14,48,6,13.8
313,Tuni,IN,2021-07-30 21:38:28,17.35,82.55,82.63,66,100,10.51
314,Eydhafushi,MV,2021-07-30 21:38:28,5.1033,73.0708,82.15,72,81,8.34
315,Jalu,LY,2021-07-30 21:38:29,29.0331,21.5482,87.44,31,12,9.06
316,Kochi,IN,2021-07-30 21:38:29,9.9399,76.2602,76.98,85,7,8.01
317,Yuncheng,CN,2021-07-30 21:38:29,35.0231,110.9928,78.12,54,0,4.05
318,Marienburg,PL,2021-07-30 21:38:30,54.0359,19.0266,64.89,62,7,7.02
319,Cayenne,GF,2021-07-30 21:38:30,4.9333,-52.3333,84.24,78,0,1.99
320,Vardo,NO,2021-07-30 21:38:30,70.3705,31.1107,46.6,86,84,11.16
321,Huilong,CN,2021-07-30 21:38:31,31.8111,121.655,78.17,90,100,5.5
322,Ostrovnoy,RU,2021-07-30 21:38:31,68.0531,39.5131,44.31,92,99,8.12
323,Talaya,RU,2021-07-30 21:38:32,61.3833,152.75,44.64,63,100,8.34
324,Winslow,US,2021-07-30 21:38:32,35.0242,-110.6974,89.78,27,40,5.01
325,Anadyr,RU,2021-07-30 21:38:32,64.75,177.4833,45.1,75,75,13.0
326,Salinopolis,BR,2021-07-30 21:38:33,-0.6136,-47.3561,79.56,82,11,8.66
327,Westport,US,2021-07-30 21:38:33,41.1415,-73.3579,83.98,49,1,5.01
328,Hoa Binh,VN,2021-07-30 21:38:34,20.8133,105.3383,82.29,85,100,3.42
329,Qaqortoq,GL,2021-07-30 21:38:34,60.7167,-46.0333,61.3,83,100,0.2
330,Karlskrona,SE,2021-07-30 21:38:34,56.1616,15.5866,63.05,82,12,15.32
331,La Ronge,CA,2021-07-30 21:38:35,55.1001,-105.2842,77.22,44,75,8.05
332,Coolum Beach,AU,2021-07-30 21:38:35,-26.5333,153.1,60.08,73,1,3.36
333,Pescia,IT,2021-07-30 21:38:35,43.897,10.6904,77.9,65,0,2.68
334,Ucluelet,CA,2021-07-30 21:38:29,48.9329,-125.5528,97.09,77,24,1.99
335,Zyryanka,RU,2021-07-30 21:38:36,65.75,150.85,53.58,52,85,8.63
336,Galesong,ID,2021-07-30 21:38:37,-5.3166,119.3661,73.42,78,75,9.26
337,Noyabrsk,RU,2021-07-30 21:38:37,63.1994,75.4507,45.18,87,59,9.82
338,Gat,IL,2021-07-30 21:38:37,31.61,34.7642,79.48,75,0,1.23
339,Matozinhos,BR,2021-07-30 21:38:38,-19.5578,-44.0814,64.83,59,0,12.66
340,Verkhnevilyuysk,RU,2021-07-30 21:38:38,63.4453,120.3167,60.94,54,8,1.12
341,El Cobre,CU,2021-07-30 21:38:38,20.0489,-75.9469,87.24,70,40,6.91
342,Sungurlare,BG,2021-07-30 21:38:39,42.7667,26.7833,76.37,73,3,3.24
343,Glace Bay,CA,2021-07-30 21:38:39,46.1969,-59.957,66.88,96,90,5.99
344,Hofn,IS,2021-07-30 21:38:40,64.2539,-15.2082,50.36,85,13,8.03
345,Loandjili,CG,2021-07-30 21:38:40,-4.7561,11.8578,73.51,88,75,3.44
346,La Paz,BO,2021-07-30 21:34:14,-16.5,-68.15,60.78,26,75,14.97
347,Dunedin,NZ,2021-07-30 21:38:41,-45.8742,170.5036,51.8,87,97,4.0
348,Capoterra,IT,2021-07-30 21:38:41,39.1763,8.9718,80.53,75,0,3.44
349,Lambarene,GA,2021-07-30 21:38:41,-0.7001,10.2406,74.64,77,24,5.84
350,Torbay,CA,2021-07-30 21:34:42,47.6666,-52.7314,66.27,58,90,20.71
351,Lodja,CD,2021-07-30 21:38:42,-3.4833,23.4333,81.66,31,91,2.26
352,Khyriv,UA,2021-07-30 21:38:43,49.5333,22.8524,67.5,74,27,3.85
353,Deputatskiy,RU,2021-07-30 21:38:43,69.3,139.9,60.22,39,90,7.34
354,Nishihara,JP,2021-07-30 21:38:43,26.1842,127.7558,81.68,89,20,4.61
355,Sibu,MY,2021-07-30 21:36:15,2.3,111.8167,75.51,94,40,2.3
356,Krasnyy Gulyay,RU,2021-07-30 21:38:44,54.0282,48.3333,65.79,90,100,7.83
357,Luanda,AO,2021-07-30 21:38:44,-8.8368,13.2343,71.6,83,0,3.44
358,Lobito,AO,2021-07-30 21:38:45,-12.3481,13.5456,70.48,88,0,4.41
359,Inzhavino,RU,2021-07-30 21:38:45,52.3185,42.4937,66.22,94,72,8.48
360,Pimentel,PE,2021-07-30 21:38:45,-6.8367,-79.9342,71.89,78,40,7.0
361,Komsomolskiy,UZ,2021-07-30 21:38:46,40.4272,71.7189,75.92,35,59,4.61
362,Palmas Bellas,PA,2021-07-30 21:38:46,9.2319,-80.0867,85.91,80,100,7.52
363,San Fernando,PH,2021-07-30 21:38:47,15.0286,120.6898,81.14,93,98,4.21
364,Ciudad Bolivar,VE,2021-07-30 21:38:47,8.1222,-63.5497,82.87,73,40,4.27
365,Huarmey,PE,2021-07-30 21:36:35,-10.0681,-78.1522,67.28,77,9,11.92
366,Bira,RU,2021-07-30 21:38:47,49.0,132.4667,67.24,77,96,6.22
367,Alyangula,AU,2021-07-30 21:38:48,-13.8483,136.4192,64.27,100,90,0.0
368,Sibolga,ID,2021-07-30 21:38:48,1.7427,98.7792,75.22,89,92,3.06
369,Waingapu,ID,2021-07-30 21:38:49,-9.6567,120.2641,72.16,83,11,6.29
370,Korla,CN,2021-07-30 21:38:49,41.7597,86.1469,86.68,26,91,13.44
371,Tuatapere,NZ,2021-07-30 21:38:49,-46.1333,167.6833,48.81,95,100,4.47
372,Bilma,NE,2021-07-30 21:38:50,18.6853,12.9164,96.3,28,4,10.94
373,Fort Nelson,CA,2021-07-30 21:38:50,58.8053,-122.7002,81.99,30,20,5.75
374,Saint Anthony,US,2021-07-30 21:38:50,45.0205,-93.218,82.54,52,20,1.01
375,Shenjiamen,CN,2021-07-30 21:38:51,29.9576,122.298,79.12,92,96,14.29
376,Mangrol,IN,2021-07-30 21:38:51,21.1167,70.1167,81.28,85,100,20.58
377,Mastic Beach,US,2021-07-30 21:38:52,40.7668,-72.8521,84.16,50,1,3.0
378,Agirish,RU,2021-07-30 21:38:52,61.9247,63.0231,51.01,90,89,5.5
379,Vila Franca Do Campo,PT,2021-07-30 21:38:52,37.7167,-25.4333,72.01,88,9,5.68
380,Belle Fourche,US,2021-07-30 21:38:53,44.6714,-103.8522,86.65,51,72,9.28
381,Sioux Lookout,CA,2021-07-30 21:38:53,50.1001,-91.917,68.07,77,90,5.75
382,Jinchang,CN,2021-07-30 21:38:53,38.4953,102.1739,77.09,27,0,6.22
383,Muli,MV,2021-07-30 21:38:54,2.9167,73.5667,81.99,73,100,4.59
384,Hambantota,LK,2021-07-30 21:38:54,6.1241,81.1185,79.14,89,0,9.22
385,Barcelos,PT,2021-07-30 21:38:55,41.5388,-8.6151,68.29,87,71,8.16
386,Klaksvik,FO,2021-07-30 21:38:55,62.2266,-6.589,47.32,81,100,19.04
387,Vagur,FO,2021-07-30 21:38:56,61.4732,-6.8119,49.55,82,69,18.14
388,Tartus,SY,2021-07-30 21:38:56,34.889,35.8866,79.09,76,0,3.71
389,Kaitangata,NZ,2021-07-30 21:36:13,-46.2817,169.8464,52.93,83,96,4.38
390,Constitucion,CL,2021-07-30 21:35:56,-35.3333,-72.4167,53.4,84,60,12.91
391,Paita,PE,2021-07-30 21:38:57,-5.0892,-81.1144,73.96,77,82,15.99
392,Zhezkazgan,KZ,2021-07-30 21:38:57,47.8043,67.7144,68.63,23,23,6.42
393,Yagodnoye,RU,2021-07-30 21:38:58,62.55,149.6667,47.28,61,7,2.35
394,Tonj,SS,2021-07-30 21:38:58,7.2737,28.6822,70.23,98,99,3.76
395,Zaraza,VE,2021-07-30 21:38:59,9.3503,-65.3245,77.4,89,90,2.82
396,Leh,IN,2021-07-30 21:38:59,34.1667,77.5833,61.57,63,31,4.7
397,Chegdomyn,RU,2021-07-30 21:38:59,51.1167,133.0167,63.34,94,85,2.62
398,Zhaoyuan,CN,2021-07-30 21:39:00,37.3592,120.3964,72.91,93,72,10.67
399,Kavieng,PG,2021-07-30 21:35:35,-2.5744,150.7967,82.56,77,63,7.67
400,Mezhdurechensk,RU,2021-07-30 21:39:00,53.6942,88.0603,54.21,93,70,2.04
401,Pedernales,DO,2021-07-30 21:39:01,18.0384,-71.744,88.75,56,19,15.26
402,Tautira,PF,2021-07-30 21:39:01,-17.7333,-149.15,82.42,70,59,16.91
403,Dawei,MM,2021-07-30 21:39:02,14.0833,98.2,76.89,94,99,4.05
404,Sosnovo-Ozerskoye,RU,2021-07-30 21:39:02,52.5249,111.5418,55.26,73,100,5.55
405,Tokur,RU,2021-07-30 21:39:02,53.1333,132.9,46.81,95,100,4.9
406,Quatre Cocos,MU,2021-07-30 21:39:03,-20.2078,57.7625,69.91,64,75,17.6
407,Matagami,CA,2021-07-30 21:39:03,49.7502,-77.6328,60.91,51,1,18.41
408,Two Rivers,US,2021-07-30 21:39:03,44.1539,-87.5693,74.53,63,1,4.0
409,Srednekolymsk,RU,2021-07-30 21:39:04,67.45,153.6833,48.94,52,100,11.27
410,Balkhash,KZ,2021-07-30 21:39:04,46.844,74.9804,67.89,53,10,9.93
411,Znamenskoye,RU,2021-07-30 21:39:05,57.1281,73.8282,55.83,91,100,5.53
412,Myaundzha,RU,2021-07-30 21:39:05,63.0494,147.1858,47.97,53,2,3.29
413,Lata,PT,2021-07-30 21:39:05,40.1629,-8.3327,62.92,98,7,4.45
414,Shizuishan,CN,2021-07-30 21:39:06,39.2333,106.7694,77.59,33,52,6.58
415,Biak,ID,2021-07-30 21:39:06,-0.9131,122.8766,74.86,86,73,5.44
416,Valdivia,CL,2021-07-30 21:39:06,-39.8142,-73.2459,48.29,98,94,1.66
417,Irtyshskiy,RU,2021-07-30 21:39:07,58.3333,68.1333,57.38,98,100,7.65
418,Comodoro Rivadavia,AR,2021-07-30 21:39:07,-45.8667,-67.5,51.66,28,40,24.16
419,Veraval,IN,2021-07-30 21:39:08,20.9,70.3667,81.18,86,100,20.4
420,Skibbereen,IE,2021-07-30 21:39:08,51.55,-9.2667,58.8,85,72,13.0
421,Otane,NZ,2021-07-30 21:39:08,-39.8833,176.6333,47.39,84,5,3.02
422,Ribeira Grande,PT,2021-07-30 21:39:09,38.5167,-28.7,71.56,85,9,8.84
423,Mahalapye,BW,2021-07-30 21:39:09,-23.1041,26.8142,55.29,51,0,10.69
424,Sembakung,ID,2021-07-30 21:39:09,3.8167,117.25,82.33,99,75,1.07
425,Kushiro,JP,2021-07-30 21:39:10,42.975,144.3747,72.32,84,99,4.76
426,Narsaq,GL,2021-07-30 21:39:10,60.9167,-46.05,61.02,70,100,3.13
427,Chapais,CA,2021-07-30 21:39:11,49.7834,-74.8492,49.78,82,100,10.49
428,Iringa,TZ,2021-07-30 21:39:11,-7.7667,35.7,58.6,51,1,14.12
429,Tessalit,ML,2021-07-30 21:36:52,20.1986,1.0114,91.54,31,36,4.45
430,Krasnyy Kut,RU,2021-07-30 21:39:11,50.95,46.9667,75.07,58,59,6.98
431,Husavik,IS,2021-07-30 21:39:12,66.0449,-17.3389,58.91,70,3,2.35
432,Mount Pleasant,US,2021-07-30 21:39:12,32.7941,-79.8626,94.3,78,1,1.01
433,Necochea,AR,2021-07-30 21:39:13,-38.5473,-58.7368,54.03,49,0,16.75
434,Khandagayty,RU,2021-07-30 21:39:13,50.7333,92.05,55.17,80,100,13.33
435,Meulaboh,ID,2021-07-30 21:39:13,4.1363,96.1285,76.53,86,100,2.3
436,Rocha,UY,2021-07-30 21:39:14,-34.4833,-54.3333,45.0,80,0,6.4
437,Visby,SE,2021-07-30 21:39:14,57.6409,18.296,67.86,94,75,17.27
438,Andapa,MG,2021-07-30 21:39:14,-14.65,49.65,58.35,99,48,3.13
439,Komsomolets,KZ,2021-07-30 21:39:15,53.7453,62.0708,61.52,93,30,8.16
440,Sao Geraldo Do Araguaia,BR,2021-07-30 21:39:15,-6.4006,-48.555,84.2,31,100,2.35
441,Broken Hill,AU,2021-07-30 21:39:16,-31.95,141.4333,47.91,71,0,0.0
442,Lagoa,PT,2021-07-30 21:39:16,39.05,-27.9833,70.88,85,4,5.93
443,Acari,PE,2021-07-30 21:39:16,-15.4311,-74.6158,68.04,66,42,7.67
444,Hualmay,PE,2021-07-30 21:39:17,-11.0964,-77.6139,65.62,77,21,12.57
445,Sistranda,NO,2021-07-30 21:39:17,63.7256,8.834,54.9,79,100,4.36
446,Benghazi,LY,2021-07-30 21:39:17,32.1167,20.0667,82.04,74,0,11.61
447,Palmer,US,2021-07-30 21:39:18,42.1584,-72.3287,78.48,47,40,1.01
448,Alpena,US,2021-07-30 21:39:18,45.0617,-83.4327,71.94,40,1,5.75
449,Carauari,BR,2021-07-30 21:39:18,-4.8828,-66.8958,79.88,50,21,2.08
450,Methoni,GR,2021-07-30 21:39:19,36.8197,21.7049,85.21,64,0,12.28
451,Karatuzskoye,RU,2021-07-30 21:39:19,53.6072,92.8667,56.08,98,100,5.14
452,Cordoba,AR,2021-07-30 21:39:20,-31.4135,-64.1811,63.45,19,0,17.27
453,Kuching,MY,2021-07-30 21:39:20,1.55,110.3333,75.42,100,20,2.3
454,Hanzhong,CN,2021-07-30 21:39:20,33.0728,107.0303,72.54,91,0,1.43
455,Chippewa Falls,US,2021-07-30 21:39:21,44.9369,-91.3929,77.72,69,1,4.61
456,Hailey,US,2021-07-30 21:37:11,43.5196,-114.3153,87.66,30,1,8.05
457,Zhigansk,RU,2021-07-30 21:38:44,66.7697,123.3711,65.39,42,8,5.97
458,Yerbogachen,RU,2021-07-30 21:39:21,61.2767,108.0108,56.26,61,7,5.23
459,Abu Kamal,SY,2021-07-30 21:39:22,34.4506,40.9171,94.24,20,0,11.01
460,Luena,AO,2021-07-30 21:39:22,-11.7833,19.9167,54.95,39,0,5.37
461,Coquimbo,CL,2021-07-30 21:39:23,-29.9533,-71.3436,53.33,76,20,10.36
462,Tateyama,JP,2021-07-30 21:39:23,34.9833,139.8667,80.02,81,3,6.42
463,Bambari,CF,2021-07-30 21:39:23,5.768,20.6757,71.02,96,100,2.42
464,Belaya Gora,RU,2021-07-30 21:39:24,68.5333,146.4167,52.16,52,100,10.45
465,Manokwari,ID,2021-07-30 21:38:40,-0.8667,134.0833,79.25,73,95,3.74
466,Burnie,AU,2021-07-30 21:39:24,-41.0667,145.9167,52.68,90,100,13.96
467,Killybegs,IE,2021-07-30 21:39:25,54.6333,-8.45,56.44,90,64,7.02
468,Porto Santo,PT,2021-07-30 21:39:25,33.072,-16.3415,72.3,73,75,14.97
469,Luwuk,ID,2021-07-30 21:39:25,-0.9516,122.7875,75.65,89,74,4.36
470,Kiruna,SE,2021-07-30 21:39:26,67.8557,20.2251,52.72,82,90,3.44
471,Khani,GE,2021-07-30 21:38:41,41.9563,42.9566,62.17,95,81,0.85
472,Eureka,US,2021-07-30 21:35:43,40.8021,-124.1637,73.13,72,69,7.0
473,Dali,CN,2021-07-30 21:39:27,25.7,100.1833,62.53,96,95,4.0
474,Belmonte,BR,2021-07-30 21:39:27,-15.8631,-38.8828,68.5,81,100,16.33
475,Rivers,CA,2021-07-30 21:39:27,50.0308,-100.2403,85.15,17,10,17.45
476,Ambilobe,MG,2021-07-30 21:39:28,-13.2,49.05,66.6,73,12,4.45
477,Najran,SA,2021-07-30 21:39:28,17.4924,44.1277,90.25,31,91,5.99
478,Gushikawa,JP,2021-07-30 21:39:28,26.3544,127.8686,81.63,94,1,4.61
479,Svetlogorsk,BY,2021-07-30 21:35:37,52.6333,29.7333,67.39,63,88,4.81
480,Luderitz,NA,2021-07-30 21:39:29,-26.6481,15.1594,67.5,32,0,5.61
481,Sepolno Krajenskie,PL,2021-07-30 21:39:30,53.452,17.5317,65.98,63,22,7.4
482,Kalino,RU,2021-07-30 21:39:30,58.2504,57.6085,55.8,98,10,1.79
483,Raudeberg,NO,2021-07-30 21:39:30,61.9875,5.1352,56.07,77,23,17.29
484,Gulu,UG,2021-07-30 21:39:31,2.7746,32.299,66.79,76,100,3.85
485,Namtsy,RU,2021-07-30 21:39:31,62.7161,129.6658,57.31,40,75,5.64
486,Victoria,HK,2021-07-30 21:37:49,22.2855,114.1577,84.38,93,93,5.99
487,Parkersburg,US,2021-07-30 21:39:32,39.2667,-81.5615,86.13,60,40,1.01
488,Kanigoro,ID,2021-07-30 21:39:32,-8.13,112.219,72.05,93,43,8.08
489,Nizwa,OM,2021-07-30 21:39:32,22.9333,57.5333,89.29,47,97,3.89
490,Dinguiraye,GN,2021-07-30 21:39:33,11.3,-10.7167,70.97,94,100,2.86
491,Kahului,US,2021-07-30 21:37:14,20.8947,-156.47,87.96,64,40,24.16
492,Srandakan,ID,2021-07-30 21:39:33,-7.9386,110.2506,76.41,87,67,8.63
493,Puerto Del Rosario,ES,2021-07-30 21:39:34,28.5004,-13.8627,73.15,73,20,16.11
494,Sao Gabriel Da Cachoeira,BR,2021-07-30 21:39:34,-0.1303,-67.0892,75.22,75,83,3.04
495,Naze,JP,2021-07-30 21:39:35,28.3667,129.4833,77.76,83,100,2.44
496,Armidale,AU,2021-07-30 21:39:35,-30.5167,151.65,43.97,84,0,4.99
497,Atambua,ID,2021-07-30 21:39:35,-9.1061,124.8925,68.94,83,64,4.16
498,General Roca,AR,2021-07-30 21:39:36,-39.0333,-67.5833,54.0,29,97,8.39
499,Namibe,AO,2021-07-30 21:35:11,-15.1961,12.1522,66.81,88,35,5.39
500,Mackay,AU,2021-07-30 21:39:36,-21.15,149.2,67.68,94,90,4.61
501,Antofagasta,CL,2021-07-30 21:37:45,-23.65,-70.4,56.48,86,42,7.43
502,Omboue,GA,2021-07-30 21:39:37,-1.5746,9.2618,74.17,78,9,8.1
503,Berlevag,NO,2021-07-30 21:39:37,70.8578,29.0864,50.0,81,75,4.61
504,Shinpokh,PK,2021-07-30 21:39:37,34.3292,71.1782,80.01,75,69,3.6
505,Klyuchi,RU,2021-07-30 21:39:38,52.2667,79.1667,58.01,51,17,4.43
506,Half Moon Bay,US,2021-07-30 21:39:38,37.4636,-122.4286,98.71,65,1,1.01
507,Amahai,ID,2021-07-30 21:39:39,-3.3333,128.9167,76.8,87,75,3.29
508,Shingu,JP,2021-07-30 21:39:39,33.7333,135.9833,78.91,74,8,3.38
509,Baghdad,IQ,2021-07-30 21:38:01,33.3406,44.4009,94.91,23,0,3.44
510,Maceio,BR,2021-07-30 21:39:40,-9.6658,-35.7353,78.24,78,40,6.91
511,Bambanglipuro,ID,2021-07-30 21:39:40,-7.95,110.2833,76.19,87,63,8.79
512,Flin Flon,CA,2021-07-30 21:39:40,54.7682,-101.865,78.64,36,20,17.27
513,Barela,IN,2021-07-30 21:39:41,23.1,80.05,74.55,92,100,14.12
514,Saint-Jean-De-Maurienne,FR,2021-07-30 21:39:41,45.1667,6.5833,49.05,83,55,2.39
515,Ramsar,IR,2021-07-30 21:39:41,36.9226,50.6426,71.04,94,90,4.61
516,Wilmington,US,2021-07-30 21:39:14,34.2257,-77.9447,92.03,74,1,12.66
517,Vila Do Maio,CV,2021-07-30 21:39:42,15.1333,-23.2167,77.79,83,30,10.36
518,Bayan,CN,2021-07-30 21:39:42,46.0833,127.4,70.54,97,100,11.12
519,Praxedis Guerrero,MX,2021-07-30 21:39:43,31.3667,-106.0167,97.29,22,27,13.47
520,Arica,CL,2021-07-30 21:38:55,-18.475,-70.3042,61.03,77,90,9.22
521,Mus,TR,2021-07-30 21:39:43,39.0,41.75,67.42,43,29,5.88
522,Pangkalanbuun,ID,2021-07-30 21:36:30,-2.6833,111.6167,72.64,98,64,1.79
523,Kapit,MY,2021-07-30 21:39:44,2.0167,112.9333,73.0,99,69,0.98
524,Arya,PK,2021-07-30 21:39:44,33.6,73.0667,81.23,82,43,5.26
525,Muroto,JP,2021-07-30 21:39:45,33.2833,134.15,75.24,75,100,5.55
526,Rosetown,CA,2021-07-30 21:39:45,51.5501,-108.0014,86.99,26,1,9.22
527,Xining,CN,2021-07-30 21:39:45,36.6167,101.7667,55.74,58,0,3.11
528,Riberalta,BO,2021-07-30 21:39:46,-10.9833,-66.1,82.6,32,1,9.22
529,Svetlaya,RU,2021-07-30 21:39:46,46.5389,138.3297,65.64,98,100,11.79
530,Codrington,AU,2021-07-30 21:37:41,-38.2667,141.9667,49.95,78,47,13.62
531,Thinadhoo,MV,2021-07-30 21:39:47,0.5333,72.9333,81.59,74,87,2.82
532,Damaturu,NG,2021-07-30 21:35:24,11.747,11.9608,74.86,84,100,7.85
533,Iracoubo,GF,2021-07-30 21:39:47,5.4802,-53.2011,79.03,82,11,6.11
534,Bogalusa,US,2021-07-30 21:39:48,30.791,-89.8487,95.83,55,40,0.0
535,Harper,LR,2021-07-30 21:39:48,4.375,-7.7169,77.02,83,64,10.16
536,Bingol,TR,2021-07-30 21:39:49,38.8847,40.4939,72.73,45,17,7.87
537,Rumford,US,2021-07-30 21:35:11,44.5537,-70.5509,70.18,59,60,12.19
538,Tumut,AU,2021-07-30 21:39:49,-35.3,148.2167,50.99,91,100,4.38
539,Gorontalo,ID,2021-07-30 21:39:50,0.5412,123.0595,74.08,94,66,2.24
540,Geraldton,AU,2021-07-30 21:39:50,-28.7667,114.6,57.61,67,75,17.27
541,Taoudenni,ML,2021-07-30 21:39:50,22.6783,-3.9836,95.61,31,17,13.33
542,Tuscaloosa,US,2021-07-30 21:39:51,33.2098,-87.5692,92.98,62,20,5.75
543,Calabozo,VE,2021-07-30 21:39:51,8.9242,-67.4293,82.35,77,78,2.39
544,Te Anau,NZ,2021-07-30 21:39:52,-45.4167,167.7167,45.03,95,100,3.22
545,Pundaguitan,PH,2021-07-30 21:39:52,6.3711,126.1689,83.75,76,80,9.22
546,Palana,RU,2021-07-30 21:39:53,59.1167,159.9667,48.02,68,53,9.06
547,Sitka,US,2021-07-30 21:39:53,57.0531,-135.33,67.89,64,40,14.97
548,Aripuana,BR,2021-07-30 21:39:53,-9.1667,-60.6333,77.76,37,0,1.61
549,Choix,MX,2021-07-30 21:39:54,26.7092,-108.3219,96.96,32,29,6.4
550,Lufilufi,WS,2021-07-30 21:39:54,-13.8745,-171.5986,85.78,79,89,20.54
551,Hanover,DE,2021-07-30 21:39:54,52.3705,9.7332,69.76,60,0,6.91
552,Port Macquarie,AU,2021-07-30 21:38:36,-31.4333,152.9167,37.36,100,0,0.0
553,Oum Hadjer,TD,2021-07-30 21:39:55,13.2954,19.6966,82.26,70,85,13.18
554,Mani,CO,2021-07-30 21:39:55,4.8172,-72.2886,75.49,88,86,7.54
555,Port Moresby,PG,2021-07-30 21:36:37,-9.4431,147.1797,76.28,88,92,2.75
556,Chara,RU,2021-07-30 21:39:56,56.9064,118.2631,57.34,60,49,2.24
557,Ziarat,PK,2021-07-30 21:39:56,30.3823,67.7282,66.4,68,12,1.86
558,Cairns,AU,2021-07-30 21:38:39,-16.9167,145.7667,68.07,88,87,1.14
559,Port-Gentil,GA,2021-07-30 21:39:57,-0.7193,8.7815,76.96,83,40,10.36
560,Terra Santa,BR,2021-07-30 21:39:58,-2.1042,-56.4869,75.6,88,99,4.05
561,Gashua,NG,2021-07-30 21:39:58,12.871,11.0482,80.11,69,19,8.9
562,Merritt Island,US,2021-07-30 21:38:28,28.5392,-80.672,94.05,66,1,13.8
563,Timmins,CA,2021-07-30 21:39:59,48.4669,-81.3331,66.02,42,75,12.66
564,Amapa,BR,2021-07-30 21:39:59,1.0,-52.0,77.4,79,50,2.55
565,Plettenberg Bay,ZA,2021-07-30 21:39:59,-34.0527,23.3716,56.34,66,0,2.68
566,Mareeba,AU,2021-07-30 21:40:00,-17.0,145.4333,63.45,92,90,3.74
567,Ati,TD,2021-07-30 21:40:00,13.2154,18.3353,84.42,66,100,7.27
568,Ambon,ID,2021-07-30 21:40:01,-3.6954,128.1814,71.74,94,20,2.3
569,Chor,PK,2021-07-30 21:40:01,25.5167,69.7667,83.12,74,93,18.68
570,San Andres,CO,2021-07-30 21:40:01,12.5847,-81.7006,87.82,70,90,11.5
571,Xam Nua,LA,2021-07-30 21:40:02,20.4197,104.0439,67.46,96,100,3.18
572,Rio Gallegos,AR,2021-07-30 21:40:03,-51.6226,-69.2181,39.25,60,0,18.41
